res,mp,tile,size,ms
(400 300),0.11444091796875,(16 16),450,0.32349467277526855
(640 480),0.29296875,(16 16),1200,0.8819239139556885
(800 600),0.457763671875,(16 16),1850,0.9484119415283203
